{"options":{"check_for_updates":false,"comment":null,"compatopts_for_requires":true,"compat_wrappedjsobject":false,"compat_metadata":false,"compat_foreach":false,"compat_prototypes":false,"noframes":null,"run_at":null,"override":{"merge_connects":true,"merge_excludes":true,"merge_includes":true,"merge_matches":true,"orig_connects":[],"orig_excludes":[],"orig_includes":[],"orig_matches":["http://web.whatsapp.com/*","https://web.whatsapp.com/*"],"orig_noframes":null,"orig_run_at":"document-idle","use_blockers":[],"use_connects":["localhost","192.168.182.67"],"use_excludes":[],"use_includes":[],"use_matches":[]}},"settings":{"enabled":true,"position":8},"meta":{"name":"SNOW","uuid":"b7a30431-dbc7-4057-9efc-fd9e90edb1b6","modified":1629978288028}}