{"options":{"check_for_updates":true,"comment":null,"compatopts_for_requires":true,"compat_wrappedjsobject":false,"compat_metadata":false,"compat_foreach":false,"compat_prototypes":false,"compat_powerful_this":null,"noframes":null,"unwrap":null,"run_at":null,"tab_types":null,"override":{"merge_connects":true,"merge_excludes":true,"merge_includes":true,"merge_matches":true,"orig_connects":[],"orig_excludes":[],"orig_includes":[],"orig_matches":["http://web.whatsapp.com/*","https://web.whatsapp.com/*"],"orig_noframes":null,"orig_run_at":"document-idle","use_blockers":[],"use_connects":["localhost"],"use_excludes":[],"use_includes":[],"use_matches":[]}},"settings":{"enabled":false,"position":7},"meta":{"name":"SNOW","uuid":"a7335f71-ae83-44d2-be8b-57ca2f3c792c","modified":1657119336767,"file_url":"https://gist.github.com/topyk27/59280364d57af9e6ea4b5f6dd68e0a43/raw/snow.user.js"}}