{"options":{"check_for_updates":true,"comment":null,"compatopts_for_requires":true,"compat_wrappedjsobject":false,"compat_metadata":false,"compat_foreach":false,"compat_prototypes":false,"compat_powerful_this":null,"noframes":null,"unwrap":null,"run_at":null,"tab_types":null,"override":{"use_includes":[],"orig_includes":[],"merge_includes":true,"use_matches":[],"orig_matches":["http://web.whatsapp.com/*","https://web.whatsapp.com/*"],"merge_matches":true,"use_excludes":[],"orig_excludes":[],"merge_excludes":true,"use_connects":[],"orig_connects":[],"merge_connects":true,"use_blockers":[],"orig_run_at":"document-idle","orig_noframes":null}},"settings":{"enabled":true,"position":7},"meta":{"name":"SNOW","uuid":"a7335f71-ae83-44d2-be8b-57ca2f3c792c","modified":1655296971561,"file_url":"https://gist.github.com/topyk27/59280364d57af9e6ea4b5f6dd68e0a43/raw/snow.user.js"}}